City_ID,City,Country,Date,Lat,Lng,Max Temp,Humidity,Cloudiness,Wind Speed
0,Yellowknife,CA,2022-09-30 19:59:45,62.456,-114.3525,52.32200000000004,71,40,10.29
1,Atlantic Beach,US,2022-09-30 20:01:17,30.3344,-81.3987,76.01000000000008,64,63,2.68
2,Tuktoyaktuk,CA,2022-09-30 20:01:18,69.4541,-133.0374,30.2,100,100,6.69
3,New Norfolk,AU,2022-09-30 20:01:19,-42.7826,147.0587,38.714000000000034,75,9,1.32
4,Ancud,CL,2022-09-30 20:01:20,-41.8697,-73.8203,52.23200000000001,77,68,2.14
5,Tazovskiy,RU,2022-09-30 20:01:20,67.4667,78.7,29.048000000000023,88,18,4.19
6,Atuona,PF,2022-09-30 20:01:21,-9.8,-139.0333,77.52200000000005,59,33,7.64
7,Neumunster,DE,2022-09-30 20:01:21,54.0667,9.9833,51.854000000000056,81,94,1.79
8,Fortuna,US,2022-09-30 20:01:22,40.5982,-124.1573,74.93000000000004,72,0,0.89
9,Punta Arenas,CL,2022-09-30 20:01:22,-53.15,-70.9167,50.108000000000004,43,100,10.42
10,Norman Wells,CA,2022-09-30 20:01:22,65.282,-126.8329,50.59400000000008,78,100,1.1
11,Trelew,AR,2022-09-30 20:01:23,-43.249,-65.3051,66.07400000000001,38,100,3.3
12,Bluff,NZ,2022-09-30 20:01:23,-46.6,168.3333,38.80400000000005,80,14,3.34
13,Mayor Pablo Lagerenza,PY,2022-09-30 20:01:24,-19.9309,-60.7718,85.1,33,48,1.68
14,Tura,IN,2022-09-30 20:01:24,25.5198,90.2201,74.87600000000009,89,82,1.3
15,Albany,US,2022-09-30 20:00:06,42.6001,-73.9662,61.23200000000001,58,100,1.02
16,Suoyarvi,RU,2022-09-30 20:01:25,62.0833,32.35,42.81800000000008,98,100,1.64
17,Pochutla,MX,2022-09-30 20:01:26,15.7432,-96.4661,85.82000000000006,74,98,2.79
18,East London,ZA,2022-09-30 19:59:28,-33.0153,27.9116,69.53000000000004,83,100,3.24
19,Muravlenko,RU,2022-09-30 20:01:26,63.7898,74.523,30.883999999999993,63,100,1.28
20,Temyasovo,RU,2022-09-30 20:01:27,52.9933,58.1014,32.59400000000007,99,100,3.07
21,Bredasdorp,ZA,2022-09-30 20:01:27,-34.5322,20.0403,53.096000000000046,92,15,2.21
22,Hobart,AU,2022-09-30 19:58:06,-42.8794,147.3294,39.056000000000026,91,2,3.6
23,Ushuaia,AR,2022-09-30 19:59:02,-54.8,-68.3,47.858000000000004,40,0,6.69
24,Puerto Ayora,EC,2022-09-30 20:01:28,-0.7393,-90.3518,67.55000000000001,90,93,3.13
25,Saint George,US,2022-09-30 19:59:40,37.1041,-113.5841,89.94200000000001,31,8,4.47
26,Vila Franca Do Campo,PT,2022-09-30 20:01:29,37.7167,-25.4333,73.20200000000008,83,69,1.76
27,Sinnamary,GF,2022-09-30 20:01:29,5.3833,-52.95,83.60600000000002,69,8,5.85
28,Kuvshinovo,RU,2022-09-30 20:01:30,57.0295,34.1725,43.43000000000004,93,45,1.73
29,Hirara,JP,2022-09-30 20:01:30,24.8,125.2833,81.77000000000007,75,5,3.44
30,Naze,JP,2022-09-30 20:01:31,28.3667,129.4833,74.066,73,7,3.22
31,Lebu,CL,2022-09-30 20:01:31,-37.6167,-73.65,55.77800000000006,81,100,6.8
32,Bengkulu,ID,2022-09-30 20:01:32,-3.8004,102.2655,75.25400000000005,92,99,1.57
33,Lavrentiya,RU,2022-09-30 20:01:32,65.5833,-171.0,36.860000000000085,66,98,6.22
34,Semey,KZ,2022-09-30 20:01:33,50.4111,80.2275,29.462000000000057,65,80,3.48
35,Brigantine,US,2022-09-30 20:01:33,39.4101,-74.3646,64.02200000000005,75,100,6.26
36,Cairns,AU,2022-09-30 20:01:34,-16.9167,145.7667,69.74600000000005,87,1,1.54
37,Mumbwa,ZM,2022-09-30 20:01:35,-14.9783,27.0619,73.97600000000008,26,5,4.43
38,Kapaa,US,2022-09-30 20:01:36,22.0752,-159.319,82.38200000000002,78,16,2.24
39,Upernavik,GL,2022-09-30 20:01:36,72.7868,-56.1549,21.14600000000005,79,65,2.23
40,Butaritari,KI,2022-09-30 20:01:37,3.0707,172.7902,81.62600000000009,77,54,7.53
41,Buala,SB,2022-09-30 20:01:38,-8.145,159.5921,79.91600000000001,81,19,3.06
42,Grand Gaube,MU,2022-09-30 20:01:38,-20.0064,57.6608,67.37000000000006,76,0,0.89
43,Broome,US,2022-09-30 20:01:39,42.2506,-75.833,63.01400000000004,61,100,0.89
44,Bolkhov,RU,2022-09-30 20:02:39,53.4433,36.0044,57.542,92,100,2.34
45,Marang,MY,2022-09-30 20:02:40,5.2056,103.2059,77.09000000000003,88,100,2.7
46,Hattiesburg,US,2022-09-30 19:57:55,31.3271,-89.2903,79.21400000000003,42,0,1.79
47,Cidreira,BR,2022-09-30 20:02:41,-30.1811,-50.2056,60.56600000000001,88,100,7.98
48,Aykhal,RU,2022-09-30 20:02:41,66.0,111.5,12.578000000000063,97,91,2.04
49,Kupino,RU,2022-09-30 20:02:41,54.3663,77.2981,32.108000000000004,80,56,3.19
50,Iqaluit,CA,2022-09-30 20:02:42,63.7506,-68.5145,35.33000000000004,87,100,6.17
51,Hermanus,ZA,2022-09-30 20:02:42,-34.4187,19.2345,53.79800000000003,82,12,4.71
52,Port Elizabeth,ZA,2022-09-30 20:00:17,-33.918,25.5701,63.320000000000064,96,99,5.36
53,Khatanga,RU,2022-09-30 20:02:43,71.9667,102.5,29.588000000000044,96,100,5.78
54,Rikitea,PF,2022-09-30 20:02:43,-23.1203,-134.9692,73.49000000000002,78,0,6.84
55,Conchas,BR,2022-09-30 20:02:44,-23.0153,-48.0106,60.36800000000009,93,100,4.19
56,Busselton,AU,2022-09-30 20:02:44,-33.65,115.3333,53.34800000000003,82,79,4.22
57,Kavaratti,IN,2022-09-30 20:02:45,10.5669,72.642,80.87000000000006,77,100,5.16
58,Evensk,RU,2022-09-30 20:02:46,61.95,159.2333,35.6,99,100,5.21
59,Hilo,US,2022-09-30 19:59:09,19.7297,-155.09,88.28600000000007,82,69,2.24
60,Tasiilaq,GL,2022-09-30 20:02:47,65.6145,-37.6368,41.162000000000056,71,100,2.35
61,Chuy,UY,2022-09-30 20:02:47,-33.6971,-53.4616,57.794000000000075,80,100,1.92
62,Stulpicani,RO,2022-09-30 20:02:48,47.4667,25.7667,59.684,86,4,2.42
63,Carnarvon,AU,2022-09-30 20:02:48,-24.8667,113.6333,68.09000000000003,68,0,6.24
64,Yaan,NG,2022-09-30 20:02:49,7.3833,8.5667,75.21800000000009,90,49,1.26
65,Asau,RO,2022-09-30 20:02:50,46.4333,26.4,63.518000000000086,77,82,2.71
66,Cape Town,ZA,2022-09-30 20:00:49,-33.9258,18.4232,61.08800000000005,69,8,3.25
67,Dubbo,AU,2022-09-30 20:02:51,-32.25,148.6167,46.52600000000009,93,56,4.63
68,Provideniya,RU,2022-09-30 20:02:51,64.3833,-173.3,36.08600000000007,69,100,6.38
69,Ahipara,NZ,2022-09-30 20:02:52,-35.1667,173.1667,61.592,91,100,7.11
70,Maniitsoq,GL,2022-09-30 20:02:52,65.4167,-52.9,35.11400000000003,78,100,1.76
71,Noumea,NC,2022-09-30 20:02:53,-22.2763,166.4572,69.78200000000001,83,100,4.07
72,Mananara,MG,2022-09-30 20:02:53,-16.1667,49.7667,64.11200000000005,89,9,1.83
73,Arkhara,RU,2022-09-30 20:02:54,49.4212,130.0842,34.412000000000056,91,21,3.51
74,Avarua,CK,2022-09-30 20:02:54,-21.2078,-159.775,73.45400000000006,68,75,4.12
75,Belawan,ID,2022-09-30 20:02:55,3.7755,98.6832,75.308,93,100,0.67
76,Mataura,NZ,2022-09-30 20:02:55,-46.1927,168.8643,38.48000000000004,80,7,0.66
77,Klaksvik,FO,2022-09-30 20:02:56,62.2266,-6.589,50.91800000000009,89,100,12.72
78,Barrow,US,2022-09-30 20:02:56,71.2906,-156.7887,30.218000000000085,86,100,5.66
79,Nantucket,US,2022-09-30 20:02:57,41.2835,-70.0995,63.08600000000007,59,0,5.66
80,Chokurdakh,RU,2022-09-30 20:02:57,70.6333,147.9167,19.85,91,83,2.2
81,Souillac,MU,2022-09-30 20:02:58,-20.5167,57.5167,69.83600000000007,74,37,4.51
82,Cherskiy,RU,2022-09-30 20:02:58,68.75,161.3,29.60600000000003,51,100,0.56
83,Sorland,NO,2022-09-30 20:02:59,67.667,12.6934,50.66600000000001,60,12,6.39
84,Riyadh,SA,2022-09-30 20:02:59,24.6877,46.7219,79.592,13,0,3.47
85,Tecpan,GT,2022-09-30 20:03:00,14.7623,-90.9947,65.60600000000002,81,100,1.55
86,Caravelas,BR,2022-09-30 20:03:00,-17.7125,-39.2481,72.51800000000009,87,94,5.61
87,Vanimo,PG,2022-09-30 20:04:01,-2.6741,141.3028,76.04600000000005,90,84,2.52
88,Tessalit,ML,2022-09-30 20:04:01,20.1986,1.0114,92.93000000000004,21,94,6.92
89,Bouna,CI,2022-09-30 20:04:02,9.2667,-3.0,72.69800000000004,92,100,1.31
90,Taoudenni,ML,2022-09-30 20:04:02,22.6783,-3.9836,89.924,12,16,5.44
91,Leningradskiy,RU,2022-09-30 20:04:03,69.3833,178.4167,25.754000000000055,78,100,4.15
92,College,US,2022-09-30 20:04:04,64.8569,-147.8028,48.07400000000001,78,75,1.54
93,Nikolskoye,RU,2022-09-30 20:04:04,59.7035,30.7861,44.79800000000002,94,43,2.59
94,Cabo San Lucas,MX,2022-09-30 19:59:22,22.8909,-109.9124,93.61400000000003,65,0,2.61
95,Nanortalik,GL,2022-09-30 20:04:05,60.1432,-45.2371,38.94800000000002,75,24,2.25
96,Kodiak,US,2022-09-30 20:04:06,57.79,-152.4072,49.51400000000004,62,0,0.0
97,Hithadhoo,MV,2022-09-30 20:04:06,-0.6,73.0833,81.55400000000006,72,48,3.5
98,Ostrovnoy,RU,2022-09-30 20:04:06,68.0531,39.5131,36.55400000000005,94,100,4.39
99,Vardo,NO,2022-09-30 20:04:07,70.3705,31.1107,42.78200000000002,75,75,3.6
100,Hamilton,US,2022-09-30 20:00:42,39.1834,-84.5333,72.98600000000008,44,18,2.24
101,Yulara,AU,2022-09-30 20:04:08,-25.2406,130.9889,66.14600000000004,28,100,3.23
102,Kaitangata,NZ,2022-09-30 20:04:08,-46.2817,169.8464,38.04800000000002,80,15,1.82
103,Cockburn Town,TC,2022-09-30 20:04:08,21.4612,-71.1419,82.184,71,48,5.17
104,Belaya Gora,RU,2022-09-30 20:04:09,68.5333,146.4167,24.368000000000087,79,100,1.87
105,Rawson,AR,2022-09-30 20:01:00,-43.3002,-65.1023,59.66600000000001,54,100,4.13
106,Karasjok,NO,2022-09-30 20:04:10,69.4719,25.5112,33.65600000000003,76,53,1.44
107,Saint-Francois,FR,2022-09-30 20:04:10,46.4154,3.9054,45.842,93,0,1.03
108,Kudahuvadhoo,MV,2022-09-30 20:04:11,2.6708,72.8944,81.82400000000001,73,100,7.48
109,Hofn,IS,2022-09-30 20:04:11,64.2539,-15.2082,48.236000000000075,81,100,7.83
110,Kerouane,GN,2022-09-30 20:04:11,9.2667,-9.0167,71.816,92,100,1.11
111,Severo-Kurilsk,RU,2022-09-30 20:04:12,50.6789,156.125,49.29800000000003,87,65,7.16
112,Qaanaaq,GL,2022-09-30 20:04:12,77.484,-69.3632,16.466000000000008,71,79,4.8
113,Lorengau,PG,2022-09-30 20:04:14,-2.0226,147.2712,79.46600000000001,79,74,2.08
114,Santa Maria Do Suacui,BR,2022-09-30 20:04:14,-18.1903,-42.4142,75.29000000000002,60,100,3.68
115,Jamestown,US,2022-09-30 20:04:15,42.097,-79.2353,62.024000000000015,53,0,3.09
116,Namibe,AO,2022-09-30 20:04:15,-15.1961,12.1522,65.71400000000003,89,89,1.9
117,Aklavik,CA,2022-09-30 20:04:16,68.2191,-135.0107,33.332000000000015,100,73,2.52
118,Hailey,US,2022-09-30 20:04:16,43.5196,-114.3153,63.986000000000075,46,90,1.34
119,Fonte Boa,BR,2022-09-30 20:04:17,-2.4959,-66.2662,91.13000000000005,48,93,0.35
120,Matagami,CA,2022-09-30 20:04:17,49.7502,-77.6328,62.58200000000002,44,87,4.47
121,Saldanha,ZA,2022-09-30 20:04:18,-33.0117,17.9442,58.766000000000005,85,3,5.56
122,Sur,OM,2022-09-30 20:04:18,22.5667,59.5289,80.22200000000004,77,4,5.51
123,Ribeira Grande,PT,2022-09-30 20:04:19,38.5167,-28.7,71.99600000000005,60,75,4.12
124,Payyannur,IN,2022-09-30 20:04:19,12.1,75.2,75.61400000000003,89,100,2.21
125,Pevek,RU,2022-09-30 20:04:20,69.7008,170.3133,29.372000000000035,90,100,2.45
126,Olinda,BR,2022-09-30 20:04:20,-8.0089,-34.8553,77.95400000000006,72,95,5.63
127,Pacific Grove,US,2022-09-30 20:04:21,36.6177,-121.9166,79.39400000000008,75,0,3.58
128,Stettler,CA,2022-09-30 20:01:13,52.3168,-112.7186,64.49000000000002,50,100,3.53
129,Keti Bandar,PK,2022-09-30 20:04:22,24.1447,67.4497,80.88800000000005,70,2,6.22
130,Udachnyy,RU,2022-09-30 20:04:22,66.4167,112.4,13.082000000000015,98,95,1.88
131,Xiongyue,CN,2022-09-30 20:04:23,40.1774,122.1228,65.62400000000002,87,54,3.66
132,Mar Del Plata,AR,2022-09-30 19:59:27,-38.0023,-57.5575,60.81800000000008,77,0,6.17
133,Castro,BR,2022-09-30 20:05:23,-24.7911,-50.0119,56.26400000000004,92,100,2.99
134,Komsomolskiy,UZ,2022-09-30 20:05:24,40.4272,71.7189,65.12000000000006,36,99,2.06
135,Ishigaki,JP,2022-09-30 20:05:24,24.3448,124.1572,81.77000000000007,74,6,3.54
136,Mount Isa,AU,2022-09-30 20:01:30,-20.7333,139.5,67.76600000000002,34,100,2.06
137,Faanui,PF,2022-09-30 20:05:25,-16.4833,-151.75,77.61200000000005,71,0,4.91
138,Arroyo,ES,2022-09-30 20:05:26,41.6096,-4.7969,60.62000000000006,56,0,1.54
139,Ovalle,CL,2022-09-30 20:05:26,-30.5983,-71.2003,77.27000000000007,41,92,4.39
140,Bathsheba,BB,2022-09-30 20:05:27,13.2167,-59.5167,86.61200000000005,74,20,6.69
141,Dhanwar,IN,2022-09-30 20:05:27,24.4167,85.9833,78.18800000000005,79,64,2.2
142,San Julian,MX,2022-09-30 20:05:28,21.0167,-102.1667,72.37400000000002,22,76,1.54
143,Broken Hill,AU,2022-09-30 20:05:28,-31.95,141.4333,57.434,60,63,4.4
144,Jutai,BR,2022-09-30 20:05:29,-5.1833,-68.9,91.68800000000005,43,100,1.11
145,Mount Gambier,AU,2022-09-30 20:05:29,-37.8333,140.7667,43.03399999999999,96,2,2.37
146,Arraial Do Cabo,BR,2022-09-30 20:05:30,-22.9661,-42.0278,69.65600000000003,73,75,5.66
147,Lienz,AT,2022-09-30 20:05:30,46.8289,12.769,53.88800000000005,99,100,1.07
148,Ulaanbaatar,MN,2022-09-30 20:03:35,47.9077,106.8832,46.32800000000007,73,100,1.02
149,Martapura,ID,2022-09-30 20:05:31,-3.4167,114.85,77.09000000000003,100,75,1.54
150,Anton Lizardo,MX,2022-09-30 20:05:31,19.05,-95.9833,86.21600000000001,64,6,8.31
151,Saint-Louis,SN,2022-09-30 20:05:32,16.3333,-15.0,96.11600000000001,28,43,3.29
152,Vaini,TO,2022-09-30 20:05:32,-21.2,-175.2,75.36200000000005,73,20,4.12
153,Krasnoselkup,RU,2022-09-30 20:05:33,65.7,82.4667,32.09000000000002,80,100,3.49
154,Harlingen,US,2022-09-30 20:05:33,26.1906,-97.6961,91.058,33,0,3.09
155,Iberia,US,2022-09-30 20:05:33,29.9502,-91.7507,80.97800000000007,29,0,4.12
156,Saskylakh,RU,2022-09-30 20:05:34,71.9167,114.0833,21.68600000000007,94,99,2.54
157,Thompson,CA,2022-09-30 20:05:34,55.7435,-97.8558,49.37000000000006,24,92,2.41
158,Jalingo,NG,2022-09-30 20:05:35,8.8833,11.3667,75.434,87,38,1.42
159,Ketchikan,US,2022-09-30 20:05:35,55.3422,-131.6461,57.66800000000009,94,100,4.12
160,Byron Bay,AU,2022-09-30 20:05:36,-28.65,153.6167,60.76400000000004,87,99,5.43
161,Safaga,EG,2022-09-30 20:05:36,26.7292,33.9365,89.90600000000003,33,0,3.03
162,Hualmay,PE,2022-09-30 20:05:36,-11.0964,-77.6139,65.2100000000001,73,83,4.26
163,Tiksi,RU,2022-09-30 20:05:37,71.6872,128.8694,13.712000000000057,96,74,3.27
164,Zavetnoye,RU,2022-09-30 20:05:38,47.1194,43.8903,67.40600000000003,58,0,2.92
165,Pisco,PE,2022-09-30 20:05:38,-13.7,-76.2167,68.05400000000006,60,0,4.63
166,Port-Gentil,GA,2022-09-30 20:05:38,-0.7193,8.7815,78.76400000000004,83,75,4.63
167,Nyurba,RU,2022-09-30 20:05:39,63.2842,118.3319,24.062000000000058,78,100,1.34
168,Kamenka,RU,2022-09-30 20:05:39,51.3223,42.7678,58.694000000000074,73,82,3.11
169,Touros,BR,2022-09-30 20:05:40,-5.1989,-35.4608,78.9260000000001,72,85,7.4
170,Mahibadhoo,MV,2022-09-30 20:02:01,3.7833,72.9667,81.15800000000002,73,100,8.71
171,Jacareacanga,BR,2022-09-30 20:05:41,-6.2222,-57.7528,98.67200000000004,27,99,0.83
172,Ilulissat,GL,2022-09-30 20:05:41,69.2167,-51.1,35.61800000000009,87,75,1.54
173,Kumta,IN,2022-09-30 20:05:42,14.4167,74.4,74.26400000000004,94,100,1.99
174,Dikson,RU,2022-09-30 20:05:42,73.5069,80.5464,35.36600000000001,85,100,7.6
175,Katsuura,JP,2022-09-30 20:05:43,35.1333,140.3,71.07800000000006,84,32,6.59
176,Ilo,PE,2022-09-30 20:05:43,-17.6394,-71.3375,63.464000000000034,72,0,4.63
177,Bethel,US,2022-09-30 20:05:45,41.3712,-73.414,62.690000000000026,65,0,1.34
178,Hanna,CA,2022-09-30 20:06:45,51.6334,-111.9018,62.852000000000075,64,87,4.02
179,Vysokovsk,RU,2022-09-30 20:06:46,56.3167,36.55,50.16200000000006,98,99,1.16
180,Prado,BR,2022-09-30 20:06:10,-17.3411,-39.2208,74.01200000000006,79,90,5.24
181,Yerbogachen,RU,2022-09-30 20:06:46,61.2767,108.0108,23.504000000000055,70,54,1.56
182,Tilichiki,RU,2022-09-30 20:06:47,60.4667,166.1,33.63800000000005,99,100,2.72
183,Ekhabi,RU,2022-09-30 20:06:47,53.5102,142.9671,38.96600000000001,69,100,3.31
184,Isangel,VU,2022-09-30 20:06:48,-19.55,169.2667,77.27000000000007,77,3,4.42
185,Vila,PT,2022-09-30 20:06:48,42.0304,-8.1588,50.88200000000002,77,100,1.2
186,Luderitz,NA,2022-09-30 20:06:49,-26.6481,15.1594,58.11800000000009,69,9,7.62
187,Paamiut,GL,2022-09-30 20:06:49,61.994,-49.6678,34.97000000000006,89,100,3.15
188,Tchollire,CM,2022-09-30 20:06:50,8.4022,14.1698,73.86800000000008,86,61,1.36
189,Miranda De Ebro,ES,2022-09-30 20:06:50,42.6865,-2.947,53.978000000000065,90,99,0.56
190,Port Blair,IN,2022-09-30 20:06:51,11.6667,92.75,78.9260000000001,86,100,8.3
191,Yeppoon,AU,2022-09-30 20:06:51,-23.1333,150.7333,56.983999999999995,72,24,0.37
192,Tierralta,CO,2022-09-30 20:06:51,8.1736,-76.0592,84.39800000000002,76,100,0.66
193,Iskateley,RU,2022-09-30 20:06:52,67.6803,53.1512,33.76400000000003,86,100,6.67
194,Port Alfred,ZA,2022-09-30 20:06:52,-33.5906,26.891,65.174,93,100,3.58
195,Nemuro,JP,2022-09-30 20:06:54,43.3236,145.575,63.30200000000008,91,0,6.42
196,Bang Saphan,TH,2022-09-30 20:06:54,11.2126,99.5117,76.62200000000004,91,100,2.49
197,Oakdale,US,2022-09-30 20:06:54,44.963,-92.9649,72.71600000000001,41,20,5.66
198,Mbandaka,CD,2022-09-30 20:06:55,0.0487,18.2603,74.26400000000004,84,93,0.8
199,Kahului,US,2022-09-30 20:06:55,20.8947,-156.47,89.61800000000008,45,20,8.23
200,Port Lincoln,AU,2022-09-30 20:06:56,-34.7333,135.8667,52.43000000000004,88,0,4.27
201,Mareeba,AU,2022-09-30 20:06:56,-17.0,145.4333,65.12000000000006,90,1,1.1
202,Cayenne,GF,2022-09-30 20:06:57,4.9333,-52.3333,87.83600000000007,58,0,5.66
203,Alyangula,AU,2022-09-30 20:06:57,-13.8483,136.4192,76.94600000000005,71,99,3.81
204,Yara,CU,2022-09-30 20:06:58,20.2753,-76.9533,79.05200000000008,86,100,1.29
205,Dunedin,NZ,2022-09-30 20:06:58,-45.8742,170.5036,42.8,80,1,1.79
206,Malanje,AO,2022-09-30 20:06:59,-9.5402,16.341,67.35200000000009,79,85,1.88
207,Flinders,AU,2022-09-30 20:06:59,-34.5833,150.8552,55.184,88,87,0.89
208,Padang,ID,2022-09-30 20:07:00,-0.9492,100.3543,76.08200000000002,93,100,2.22
209,Sakakah,SA,2022-09-30 20:07:00,29.9697,40.2064,81.30200000000008,27,0,3.14
210,Potanino,RU,2022-09-30 20:07:01,55.1786,61.6222,34.03399999999999,64,75,6.0
211,Fairbanks,US,2022-09-30 20:07:02,64.8378,-147.7164,48.092,78,100,1.54
212,Vestmannaeyjar,IS,2022-09-30 20:07:02,63.4427,-20.2734,49.478000000000065,82,100,7.84
213,Ponta Do Sol,PT,2022-09-30 20:07:03,32.6667,-17.1,72.23000000000005,80,69,2.41
214,Superior,US,2022-09-30 20:02:19,46.7208,-92.1041,73.94000000000003,54,0,2.57
215,Bikin,RU,2022-09-30 20:07:03,46.8161,134.26,57.70400000000005,97,100,2.21
216,Murray Bridge,AU,2022-09-30 20:07:04,-35.1167,139.2667,51.33200000000002,92,33,0.59
217,Bonthe,SL,2022-09-30 20:07:05,7.5264,-12.505,75.434,91,100,2.23
218,Polovinnoye,RU,2022-09-30 20:07:05,54.7914,65.9864,28.508000000000003,65,0,2.57
219,Marsh Harbour,BS,2022-09-30 20:07:05,26.5412,-77.0636,82.16600000000001,72,96,0.59
220,Hasaki,JP,2022-09-30 20:07:06,35.7333,140.8333,66.59600000000006,77,91,6.49
221,Cartagena,CO,2022-09-30 20:06:54,10.3997,-75.5144,83.82200000000003,79,40,3.09
222,Luangwa,ZM,2022-09-30 20:08:07,-15.6167,30.4167,75.18200000000002,31,8,1.25
223,Aloleng,PH,2022-09-30 20:08:07,16.1307,119.7824,78.99800000000002,84,54,3.31
224,Luanda,AO,2022-09-30 20:08:08,-8.8368,13.2343,73.4,88,20,4.35
225,Sept-Iles,CA,2022-09-30 20:08:08,50.2001,-66.3821,53.06000000000009,79,97,1.79
226,Bourail,NC,2022-09-30 20:08:09,-21.5667,165.4833,69.98000000000005,81,100,2.37
227,Saint-Joseph,RE,2022-09-30 20:08:09,-21.3667,55.6167,65.2100000000001,81,37,5.49
228,Staunton,US,2022-09-30 20:06:02,38.1496,-79.0717,53.65400000000005,90,100,4.63
229,Vao,NC,2022-09-30 20:06:18,-22.6667,167.4833,70.95200000000008,80,98,7.32
230,Wilmington Island,US,2022-09-30 20:08:10,32.0036,-80.9737,66.29000000000002,44,100,8.75
231,Yazman,PK,2022-09-30 20:08:10,29.1212,71.7446,87.566,25,0,3.78
232,San Cristobal,VE,2022-09-30 20:08:12,7.7669,-72.225,78.98000000000005,53,98,2.55
233,Faya,SA,2022-09-30 20:08:12,18.3851,42.4509,61.32200000000004,49,2,0.96
234,Honiara,SB,2022-09-30 20:08:13,-9.4333,159.95,77.77400000000002,87,30,2.34
235,Vianopolis,BR,2022-09-30 20:08:13,-16.7419,-48.5164,81.608,39,100,2.53
236,Raudeberg,NO,2022-09-30 20:08:14,61.9875,5.1352,55.86800000000009,48,100,3.7
237,Lamar,US,2022-09-30 20:08:14,33.6668,-95.5836,81.89600000000004,24,0,2.06
238,Te Anau,NZ,2022-09-30 20:08:15,-45.4167,167.7167,35.978000000000065,87,29,0.42
239,Bam,IR,2022-09-30 20:08:15,29.106,58.357,79.25,10,0,3.77
240,Beni,CD,2022-09-30 20:07:11,0.5,29.4667,61.23200000000001,99,71,1.01
241,Erenhot,CN,2022-09-30 20:08:16,43.6475,111.9767,61.05200000000008,29,100,6.07
242,Bongandanga,CD,2022-09-30 20:08:17,1.5,21.05,70.08800000000005,94,72,0.86
243,Waitati,NZ,2022-09-30 20:08:17,-45.75,170.5667,42.8,80,0,0.76
244,Lasa,IT,2022-09-30 20:08:18,46.6166,10.7002,49.37000000000006,98,100,1.16
245,Gusinoye Ozero,RU,2022-09-30 20:08:18,51.1144,106.2614,33.530000000000044,72,88,7.23
246,Belmonte,BR,2022-09-30 20:08:19,-15.8631,-38.8828,75.18200000000002,79,62,6.32
247,Lakeway,US,2022-09-30 20:08:19,30.3638,-97.9796,88.484,31,0,1.79
248,Codrington,AU,2022-09-30 20:08:19,-38.2667,141.9667,42.62000000000006,96,22,3.19
249,Bunbury,AU,2022-09-30 20:08:20,-33.3333,115.6333,52.32200000000004,79,40,4.09
250,Flin Flon,CA,2022-09-30 20:08:20,54.7682,-101.865,50.97200000000004,44,100,2.3
251,Sola,VU,2022-09-30 20:08:21,-13.8833,167.55,81.44600000000005,63,55,2.67
252,Marquette,US,2022-09-30 20:08:21,46.5333,-87.6335,67.76600000000002,56,0,2.11
253,Sibu,MY,2022-09-30 20:08:22,2.3,111.8167,74.35400000000006,97,100,0.79
254,Vostok,RU,2022-09-30 20:08:22,46.4856,135.8833,52.82600000000009,95,100,2.31
255,Ndjole,GA,2022-09-30 20:08:23,-0.1783,10.7649,74.37200000000004,97,100,1.64
256,Saint-Leu,RE,2022-09-30 20:08:23,-21.15,55.2833,65.67800000000007,77,22,4.09
257,Grand Forks,US,2022-09-30 20:04:50,47.9417,-97.4337,75.12800000000007,35,40,5.66
258,Ust-Uda,RU,2022-09-30 20:08:24,54.1742,103.0304,29.390000000000022,87,75,5.3
259,Acari,PE,2022-09-30 20:08:25,-15.4311,-74.6158,73.58000000000004,49,100,3.92
260,Winthrop,US,2022-09-30 20:05:09,42.3751,-70.9828,63.95,66,75,4.12
261,Axim,GH,2022-09-30 20:04:16,4.8699,-2.2405,75.84800000000003,90,5,2.78
262,Sigli,ID,2022-09-30 20:08:26,5.3848,95.9609,79.21400000000003,75,100,1.51
263,Haines Junction,CA,2022-09-30 20:08:26,60.7522,-137.5108,45.71600000000001,81,100,1.89
264,Teya,RU,2022-09-30 20:08:26,60.3778,92.6267,25.55600000000003,85,77,1.03
265,Karratha,AU,2022-09-30 20:08:27,-20.7377,116.8463,70.61000000000008,77,0,3.61
266,Praia Da Vitoria,PT,2022-09-30 20:08:27,38.7333,-27.0667,71.76200000000006,70,35,0.99
267,Severo-Yeniseyskiy,RU,2022-09-30 20:08:28,60.3725,93.0408,22.441999999999993,80,75,0.82
268,Talnakh,RU,2022-09-30 20:08:28,69.4865,88.3972,31.208000000000006,97,100,2.46
269,Kaeo,NZ,2022-09-30 20:08:29,-35.1,173.7833,63.320000000000064,97,100,5.79
270,Alice Town,BS,2022-09-30 20:09:29,25.7167,-79.3,76.316,76,86,3.01
271,Kaduy,RU,2022-09-30 20:09:29,59.2,37.15,44.22200000000004,97,43,2.14
272,Burgeo,CA,2022-09-30 20:09:30,47.6167,-57.6152,54.194000000000074,80,85,8.27
273,Hobyo,SO,2022-09-30 20:06:19,5.3505,48.5268,76.76600000000002,85,0,9.11
274,Guerrero Negro,MX,2022-09-30 20:09:31,27.9769,-114.0611,78.04400000000007,63,3,5.31
275,Anchorage,US,2022-09-30 20:05:47,61.2181,-149.9003,53.852000000000075,85,75,5.14
276,Marawi,PH,2022-09-30 20:09:31,7.9986,124.2928,68.792,93,64,0.63
277,Samarai,PG,2022-09-30 20:09:32,-10.6167,150.6667,80.51000000000008,79,13,3.28
278,Porto Seguro,BR,2022-09-30 20:09:33,-16.4497,-39.0647,75.72200000000004,78,75,3.6
279,Wanning,CN,2022-09-30 20:09:33,18.8003,110.3967,79.34000000000003,90,99,3.83
280,Tonj,SS,2022-09-30 20:09:34,7.2737,28.6822,72.87800000000007,83,37,0.07
281,Hambantota,LK,2022-09-30 20:06:13,6.1241,81.1185,78.38600000000008,85,100,7.73
282,General Roca,AR,2022-09-30 20:06:08,-39.0333,-67.5833,82.61600000000001,11,94,8.27
283,Yining,CN,2022-09-30 20:09:35,29.0361,114.5636,74.96600000000001,69,4,0.98
284,Narsaq,GL,2022-09-30 20:09:35,60.9167,-46.05,41.21600000000001,72,96,1.52
285,Sao Jose Da Coroa Grande,BR,2022-09-30 20:09:36,-8.8978,-35.1478,76.92800000000007,74,64,4.46
286,Sao Joao Da Barra,BR,2022-09-30 20:09:36,-21.6403,-41.0511,71.69000000000003,70,91,4.11
287,San Patricio,US,2022-09-30 20:09:36,28.017,-97.5169,93.16400000000004,36,0,3.69
288,Varna,BG,2022-09-30 20:07:45,43.2167,27.9167,67.87400000000002,100,89,1.03
289,Xingyi,CN,2022-09-30 20:09:37,24.1877,102.817,60.38600000000007,95,100,1.08
290,Airai,TL,2022-09-30 20:09:38,-8.9266,125.4092,61.754000000000055,90,99,0.52
291,Yamada,JP,2022-09-30 20:09:38,39.4667,141.95,61.934,75,75,2.73
292,Coahuayana,MX,2022-09-30 20:09:38,18.7333,-103.6833,87.62000000000006,66,49,2.63
293,Kabanjahe,ID,2022-09-30 20:09:39,3.1001,98.4908,63.91400000000003,97,100,1.24
294,Seoul,KR,2022-09-30 20:09:12,37.5683,126.9778,60.242,100,75,2.06
295,Kaa-Khem,RU,2022-09-30 20:09:40,51.6833,94.7333,21.002000000000077,66,17,1.7
296,Olafsvik,IS,2022-09-30 20:09:40,64.8945,-23.7142,45.68000000000004,86,100,13.55
297,Saint Anthony,US,2022-09-30 20:09:40,45.0205,-93.218,72.55400000000006,38,20,5.66
298,Langsa,ID,2022-09-30 20:09:41,4.4683,97.9683,75.092,95,100,1.01
299,Kirovo-Chepetsk,RU,2022-09-30 20:09:41,58.5539,50.0399,40.46000000000008,98,100,2.45
300,Bucerias,MX,2022-09-30 20:09:42,20.75,-105.3333,90.98600000000008,62,40,3.6
301,Morehead,US,2022-09-30 20:05:11,37.2711,-87.1764,74.984,46,0,2.57
302,Longyearbyen,SJ,2022-09-30 20:09:42,78.2186,15.6401,37.23800000000004,100,100,2.06
303,Geraldton,AU,2022-09-30 20:09:43,-28.7667,114.6,52.214000000000034,93,5,0.0
304,Bahia Blanca,AR,2022-09-30 20:09:43,-38.7196,-62.2724,74.44400000000007,29,5,4.73
305,Quatre Cocos,MU,2022-09-30 20:09:44,-20.2078,57.7625,67.08200000000002,74,8,5.42
306,Hefei,CN,2022-09-30 20:09:45,31.8639,117.2808,74.33600000000007,87,35,2.94
307,Dvinskoy,RU,2022-09-30 20:09:46,62.1535,45.1175,45.122000000000035,97,100,4.43
308,Poros,GR,2022-09-30 20:09:46,37.4994,23.4536,73.85,59,11,1.84
309,Saint-Martin-De-Crau,FR,2022-09-30 20:09:47,43.6395,4.8127,58.98200000000001,63,0,9.77
310,Coyoles Central,HN,2022-09-30 20:09:47,15.4,-86.6667,80.2760000000001,73,100,1.08
311,Alvaraes,BR,2022-09-30 20:09:48,-3.2208,-64.8042,89.47400000000002,28,99,1.92
312,Muli,MV,2022-09-30 20:09:48,2.9167,73.5667,81.66200000000006,73,100,6.96
313,Grand-Santi,GF,2022-09-30 20:09:48,4.25,-54.3833,97.10600000000004,28,32,1.55
314,Anadyr,RU,2022-09-30 20:09:49,64.75,177.4833,36.104000000000056,86,75,5.0
315,Bogorodskoye,RU,2022-09-30 20:09:49,56.55,37.8833,52.50200000000008,98,100,1.88
316,Kavieng,PG,2022-09-30 20:08:47,-2.5744,150.7967,79.89800000000002,78,96,3.53
317,Port Hardy,CA,2022-09-30 20:10:50,50.6996,-127.4199,53.780000000000044,94,75,2.06
318,Zenzeli,RU,2022-09-30 20:10:51,45.9241,47.0474,72.87800000000007,52,61,3.27
319,Plettenberg Bay,ZA,2022-09-30 20:10:51,-34.0527,23.3716,59.486000000000075,88,47,4.95
320,Los Llanos De Aridane,ES,2022-09-30 20:10:52,28.6585,-17.9182,68.12600000000009,83,75,8.23
321,Sao Joao Del Rei,BR,2022-09-30 20:10:52,-21.1356,-44.2617,65.37200000000004,78,97,4.11
322,Almunecar,ES,2022-09-30 20:10:53,36.7339,-3.6907,69.96200000000006,57,0,3.44
323,Shelburne,CA,2022-09-30 20:10:53,44.0787,-80.2041,68.234,34,0,1.51
324,Vanderhoof,CA,2022-09-30 20:10:54,54.0166,-124.0198,67.37000000000006,41,14,2.11
325,Jalu,LY,2022-09-30 20:10:54,29.0331,21.5482,91.07600000000009,20,0,4.98
326,Trat,TH,2022-09-30 20:10:55,12.5,102.5,80.87000000000006,96,100,1.53
327,Alofi,NU,2022-09-30 20:07:24,-19.0595,-169.9187,76.892,65,40,6.69
328,Venado Tuerto,AR,2022-09-30 20:10:55,-33.7456,-61.9688,72.77000000000007,22,4,2.35
329,Fatehpur Sikri,IN,2022-09-30 20:10:56,27.1,77.6667,80.72600000000008,61,0,1.86
330,Sindor,RU,2022-09-30 20:10:56,62.8629,51.8905,33.58399999999999,89,100,3.83
331,Acandi,CO,2022-09-30 20:10:57,8.5063,-77.2778,78.74600000000005,88,100,1.05
332,Lagoa,PT,2022-09-30 20:10:57,39.05,-27.9833,68.72000000000006,65,10,2.21
333,Tautira,PF,2022-09-30 20:10:58,-17.7333,-149.15,77.01800000000009,75,0,5.71
334,Bagacay,PH,2022-09-30 20:10:58,12.9821,124.1415,81.80600000000004,80,53,4.13
335,Pangkalanbuun,ID,2022-09-30 20:10:58,-2.6833,111.6167,74.858,97,100,0.41
336,Alenquer,BR,2022-09-30 20:10:59,-1.9417,-54.7383,96.81800000000008,33,100,2.67
337,Emba,KZ,2022-09-30 20:10:59,48.8264,58.1442,47.73200000000001,27,100,5.76
338,Porto Nacional,BR,2022-09-30 20:11:00,-10.7081,-48.4172,98.60000000000001,16,99,0.42
339,Juruti,BR,2022-09-30 20:11:00,-2.1522,-56.0922,97.86200000000007,30,98,3.38
340,Kazachinskoye,RU,2022-09-30 20:11:01,57.6953,93.2761,32.72000000000006,97,100,1.85
341,Mabaruma,GY,2022-09-30 20:11:01,8.2,-59.7833,87.33200000000002,63,75,2.95
342,Russell,US,2022-09-30 20:11:02,32.3502,-85.1999,79.88000000000005,44,0,3.09
343,Cambrils,ES,2022-09-30 20:11:02,41.0748,1.0524,68.50400000000005,40,0,6.17
344,Batagay-Alyta,RU,2022-09-30 20:11:03,67.8006,130.4114,17.69000000000002,95,100,1.38
345,Torbay,CA,2022-09-30 20:09:29,47.6666,-52.7314,58.280000000000044,77,1,1.79
346,Orzhytsya,UA,2022-09-30 20:11:04,49.7918,32.7012,62.20400000000005,81,65,2.44
347,Waiuku,NZ,2022-09-30 20:11:04,-37.25,174.75,61.32200000000004,97,100,3.93
348,Alta Floresta,BR,2022-09-30 20:11:05,-9.8756,-56.0861,101.08399999999999,20,86,1.47
349,Coihaique,CL,2022-09-30 20:11:05,-45.5752,-72.0662,57.14600000000005,33,20,4.12
350,Cabedelo,BR,2022-09-30 20:11:06,-6.9811,-34.8339,81.26600000000002,76,100,7.52
351,San Rafael,AR,2022-09-30 20:08:39,-34.6177,-68.3301,77.66600000000001,19,40,3.52
352,Lixourion,GR,2022-09-30 20:11:06,38.2019,20.4314,69.80000000000001,68,40,0.0
353,Akureyri,IS,2022-09-30 20:11:07,65.6835,-18.0878,46.32800000000007,87,100,6.69
354,Petropavlovsk-Kamchatskiy,RU,2022-09-30 20:11:07,53.0452,158.6483,37.99400000000007,100,100,7.0
355,Nairobi,KE,2022-09-30 20:07:59,-1.2833,36.8167,63.96800000000009,67,100,3.78
356,Murgab,TM,2022-09-30 20:11:08,37.4966,61.9714,67.96400000000003,21,25,3.88
357,Lima,PE,2022-09-30 20:07:14,-12.0432,-77.0282,59.25200000000008,77,100,4.63
358,Kruisfontein,ZA,2022-09-30 20:11:09,-34.0033,24.7314,60.74600000000005,87,100,9.63
359,Brae,GB,2022-09-30 20:11:09,60.3964,-1.353,52.538000000000046,85,100,8.24
360,Salalah,OM,2022-09-30 20:11:10,17.0151,54.0924,80.69000000000003,89,75,2.57
361,Atherton,GB,2022-09-30 20:11:10,53.5237,-2.4935,55.688000000000045,96,4,0.89
362,Sao Geraldo Do Araguaia,BR,2022-09-30 20:11:11,-6.4006,-48.555,100.16600000000001,20,97,2.76
363,Zhuzhou,CN,2022-09-30 20:12:11,27.8333,113.15,79.75400000000005,56,0,2.0
364,Changping,CN,2022-09-30 20:12:12,40.2186,116.2197,64.04000000000002,50,100,0.71
365,Tonantins,BR,2022-09-30 20:12:12,-2.8731,-67.8022,88.39400000000008,55,100,1.04
366,Gaoua,BF,2022-09-30 20:12:12,10.2992,-3.2508,75.16400000000004,87,83,1.46
367,Zhucheng,CN,2022-09-30 20:12:14,35.9947,119.3975,65.60600000000002,96,100,1.9
368,Praya,CV,2022-09-30 20:12:14,14.9215,-23.5087,82.94000000000003,83,20,5.66
369,Lodja,CD,2022-09-30 20:12:15,-3.4833,23.4333,68.73800000000006,97,19,0.67
370,Khajuraho,IN,2022-09-30 20:12:15,24.85,79.9333,77.41400000000004,69,17,2.1
371,Piet Retief,ZA,2022-09-30 20:11:07,-27.0071,30.8132,58.26200000000006,70,0,0.72
372,Kawambwa,ZM,2022-09-30 20:12:16,-9.7915,29.0791,73.47200000000004,25,61,0.46
373,Leeton,AU,2022-09-30 20:12:16,-34.5667,146.4,49.891999999999996,85,83,4.38
374,Pompeu,BR,2022-09-30 20:12:17,-19.2244,-44.9353,75.57800000000006,61,97,3.05
375,Matay,EG,2022-09-30 20:12:17,28.419,30.7792,88.52000000000007,31,0,9.57
376,Teluknaga,ID,2022-09-30 20:12:18,-6.0989,106.6381,82.63399999999999,83,20,2.06
377,Oleksandrivka,UA,2022-09-30 20:12:18,48.9634,32.2349,62.312000000000054,77,21,2.52
378,Alberobello,IT,2022-09-30 20:12:19,40.7859,17.2372,70.37600000000009,80,100,10.65
379,Eureka,US,2022-09-30 20:12:19,40.8021,-124.1637,85.6760000000001,83,0,1.34
380,Warwick,US,2022-09-30 20:10:17,41.7001,-71.4162,64.45400000000006,65,100,4.12
381,Cocal,BR,2022-09-30 20:12:20,-28.6167,-49.35,63.42800000000007,76,100,1.56
382,Chicama,PE,2022-09-30 20:12:20,-7.8447,-79.1469,59.54000000000002,62,51,4.57
383,Cap Malheureux,MU,2022-09-30 20:12:21,-19.9842,57.6142,67.4600000000001,76,0,0.89
384,Sao Domingos Do Prata,BR,2022-09-30 20:12:21,-19.865,-42.9683,69.99800000000002,84,93,0.92
385,Anshun,CN,2022-09-30 20:12:22,26.25,105.9333,62.708000000000006,97,100,1.39
386,Nhamunda,BR,2022-09-30 20:12:22,-2.1861,-56.7131,97.12400000000001,30,98,1.35
387,Mende,FR,2022-09-30 20:12:23,44.6667,3.5,35.27600000000009,87,4,1.47
388,Shanghai,CN,2022-09-30 20:07:28,31.2222,121.4581,75.86600000000001,90,87,2.68
389,Puerto Escondido,MX,2022-09-30 20:12:23,15.85,-97.0667,84.34400000000008,72,87,3.51
390,Tabuk,PH,2022-09-30 20:12:24,17.4189,121.4443,72.78800000000004,93,1,1.08
391,Beloha,MG,2022-09-30 20:12:24,-25.1667,45.05,67.55000000000001,74,0,2.33
392,Cuauhtemoc,MX,2022-09-30 20:12:25,28.4167,-106.8667,70.26800000000009,43,5,4.27
393,Constitucion,CL,2022-09-30 20:12:25,-35.3333,-72.4167,61.03399999999999,72,100,5.49
394,Oranjemund,NA,2022-09-30 20:12:26,-28.55,16.4333,56.444000000000074,86,55,6.5
395,Mendi,PG,2022-09-30 20:10:10,-6.1761,143.6513,50.70200000000008,95,71,1.78
396,Cervo,ES,2022-09-30 20:12:26,43.6702,-7.4101,62.96000000000008,77,100,3.86
397,Zeya,RU,2022-09-30 20:12:27,53.75,127.2667,30.11000000000008,72,3,0.97
398,Gizo,SB,2022-09-30 20:12:27,-8.103,156.8419,81.37400000000002,76,8,2.26
399,Kanigoro,ID,2022-09-30 20:12:28,-8.13,112.219,74.66000000000008,94,100,1.98
400,Oswego,US,2022-09-30 20:10:28,43.4501,-76.1497,61.91600000000001,56,100,0.89
401,Datong,CN,2022-09-30 20:12:28,40.0936,113.2914,64.43600000000006,41,100,1.46
402,Czersk,PL,2022-09-30 20:12:29,53.7959,17.9765,52.016000000000005,61,100,2.31
403,Heishan,CN,2022-09-30 20:12:29,41.6892,122.1128,62.25800000000001,82,100,3.31
404,Husavik,IS,2022-09-30 20:12:30,66.0449,-17.3389,44.096000000000046,99,100,6.34
405,Deputatskiy,RU,2022-09-30 20:12:30,69.3,139.9,9.662000000000056,97,100,0.66
406,Culpeper,US,2022-09-30 20:12:31,38.5004,-77.9664,57.61400000000003,87,100,3.09
407,Pringsewu,ID,2022-09-30 20:12:31,-5.3582,104.9744,72.82400000000001,96,81,0.45
408,Masvingo,ZW,2022-09-30 20:12:32,-20.0637,30.8277,70.23200000000003,30,0,3.89
409,Polunochnoye,RU,2022-09-30 20:12:32,60.8697,60.4153,22.424000000000014,88,74,2.14
410,Brindisi,IT,2022-09-30 20:12:32,40.5833,17.6667,73.43600000000006,78,100,9.09
411,Honningsvag,NO,2022-09-30 20:12:33,70.9821,25.9704,40.748000000000026,65,12,3.6
412,Mahebourg,MU,2022-09-30 20:08:45,-20.4081,57.7,67.24400000000009,74,8,4.9
413,Yankton,US,2022-09-30 20:13:33,42.8711,-97.3973,81.12200000000004,29,0,10.8
414,Ruidoso,US,2022-09-30 20:13:34,33.3317,-105.673,70.86200000000005,32,80,4.12
415,Oriximina,BR,2022-09-30 20:13:34,-1.7656,-55.8661,95.86400000000003,34,99,3.03
416,Monywa,MM,2022-09-30 20:13:35,22.1167,95.1333,80.24000000000002,85,100,1.63
417,Victoria,HK,2022-09-30 20:10:23,22.2855,114.1577,81.32000000000006,91,99,2.68
418,Puerto Leguizamo,CO,2022-09-30 20:13:36,-0.1934,-74.7819,83.35400000000006,70,99,3.4
419,Lompoc,US,2022-09-30 20:12:00,34.6391,-120.4579,83.01200000000006,85,100,3.09
420,Clyde River,CA,2022-09-30 20:13:36,70.4692,-68.5914,28.633999999999993,74,100,9.77
421,Sao Filipe,CV,2022-09-30 20:13:37,14.8961,-24.4956,79.88000000000005,86,39,4.01
422,Mozhaysk,RU,2022-09-30 20:11:02,55.5019,36.0272,51.998000000000026,97,100,1.4
423,Nehe,CN,2022-09-30 20:13:38,48.4833,124.8333,35.47400000000001,89,97,3.02
424,Montes Claros,BR,2022-09-30 20:13:38,-16.735,-43.8617,82.11200000000005,43,97,3.48
425,San Blas,MX,2022-09-30 20:13:38,21.5167,-105.2667,96.692,71,21,4.21
426,Caceres,ES,2022-09-30 20:11:53,39.522,-6.3748,63.17600000000009,34,88,1.97
427,Sioux Lookout,CA,2022-09-30 20:13:39,50.1001,-91.917,64.47200000000004,55,75,2.57
428,Guachucal,CO,2022-09-30 20:13:40,0.9609,-77.7316,65.67800000000007,42,75,4.12
429,Hovd,MN,2022-09-30 20:13:40,48.0056,91.6419,24.170000000000062,31,35,1.07
430,Strangnas,SE,2022-09-30 20:13:41,59.3774,17.0312,48.182000000000016,82,100,3.68
431,Havelock,US,2022-09-30 20:13:42,34.8791,-76.9013,78.96200000000006,93,100,3.58
432,Kysyl-Syr,RU,2022-09-30 20:13:42,63.8986,122.7617,21.758000000000003,90,89,1.64
433,Birin,NP,2022-09-30 20:13:43,26.8865,88.0718,61.84400000000008,83,7,2.22
434,Palauig,PH,2022-09-30 20:13:43,15.435,119.9045,79.25,78,54,2.15
435,Madaba,JO,2022-09-30 20:09:14,31.5833,35.6667,80.708,42,0,1.61
436,Mezen,RU,2022-09-30 20:13:44,65.8522,44.24,37.38200000000002,98,100,3.04
437,Bojonegoro,ID,2022-09-30 20:13:45,-7.1502,111.8817,76.85600000000002,87,76,2.07
438,Sokoni,TZ,2022-09-30 20:13:45,-6.4333,39.55,76.06400000000004,78,1,6.31
439,Coffs Harbour,AU,2022-09-30 20:13:46,-30.3,153.1333,60.13399999999999,94,75,8.75
440,Ryde,GB,2022-09-30 20:13:46,50.73,-1.1621,60.81800000000008,97,100,5.36
441,Menongue,AO,2022-09-30 20:13:47,-14.6585,17.691,75.48800000000006,32,93,1.28
442,Princeton,US,2022-09-30 20:13:47,25.5384,-80.4089,86.01800000000009,66,75,2.06
443,Vila Velha,BR,2022-09-30 20:13:48,-20.3297,-40.2925,71.54600000000005,77,75,4.63
444,Avera,US,2022-09-30 20:13:48,33.194,-82.5271,69.38600000000008,73,100,8.36
445,Fare,PF,2022-09-30 20:13:49,-16.7,-151.0167,77.72000000000006,70,0,5.03
446,Dingle,PH,2022-09-30 20:10:10,10.9995,122.6711,75.32600000000009,88,73,2.52
447,Georgetown,MY,2022-09-30 20:13:49,5.4112,100.3354,76.892,94,40,1.03
448,Zhangzhou,CN,2022-09-30 20:13:50,24.5133,117.6556,73.058,96,74,0.54
449,Glyadyanskoye,RU,2022-09-30 20:11:08,54.9075,65.0883,28.07600000000009,67,0,2.91
450,Santa Maria,BR,2022-09-30 20:13:45,-29.6842,-53.8069,60.09800000000003,94,100,2.57
451,Hvide Sande,DK,2022-09-30 20:13:51,56.0045,8.1294,53.096000000000046,81,100,11.59
452,Comodoro Rivadavia,AR,2022-09-30 20:12:48,-45.8667,-67.5,64.25600000000003,39,20,6.17
453,Rocha,UY,2022-09-30 20:13:51,-34.4833,-54.3333,60.81800000000008,68,96,3.29
454,Altamira,BR,2022-09-30 20:13:52,-3.2033,-52.2064,88.19600000000005,50,92,3.73
455,Xiaoweizhai,CN,2022-09-30 20:13:52,26.1903,107.5125,67.37000000000006,95,77,1.73
456,Laguna,US,2022-09-30 20:14:26,38.421,-121.4238,90.08600000000007,34,0,2.57
457,Tiznit,MA,2022-09-30 20:14:53,29.5833,-9.5,65.66000000000008,72,0,2.07
458,Pinega,RU,2022-09-30 20:14:53,64.7001,43.3936,40.46000000000008,99,100,2.57
459,Statesboro,US,2022-09-30 20:12:13,32.4488,-81.7832,65.73200000000003,72,100,6.17
460,Ipixuna,BR,2022-09-30 20:14:54,-1.7625,-48.8043,78.27800000000008,87,95,3.62
461,Kampot,KH,2022-09-30 20:14:54,10.6167,104.1833,82.45400000000006,83,100,1.92
462,Springbok,ZA,2022-09-30 20:14:55,-29.6643,17.8865,51.51200000000006,56,13,1.47
463,Abu Dhabi,AE,2022-09-30 20:14:55,24.4667,54.3667,87.96200000000006,78,0,2.57
464,Marystown,CA,2022-09-30 20:14:56,47.1666,-55.1483,54.986000000000075,70,16,6.4
465,Surt,LY,2022-09-30 20:14:56,31.2089,16.5887,90.48200000000003,29,0,7.14
466,Xuddur,SO,2022-09-30 20:14:57,4.1213,43.8894,73.59800000000003,66,3,7.86
467,Caxito,AO,2022-09-30 20:14:57,-8.5785,13.6643,75.092,86,69,2.52
468,Katherine,AU,2022-09-30 20:14:57,-14.4667,132.2667,79.12400000000002,78,75,6.17
469,Jieshi,CN,2022-09-30 20:14:58,22.8134,115.8257,78.62000000000006,88,90,3.84
470,New Bedford,US,2022-09-30 20:14:58,41.6362,-70.9342,63.932000000000016,67,40,4.12
471,Koungheul,SN,2022-09-30 20:14:59,13.9833,-14.8,80.6,85,100,3.67
472,Clearlake,US,2022-09-30 20:10:16,38.9582,-122.6264,88.23200000000003,24,0,1.79
473,Karakol,KG,2022-09-30 20:15:00,42.4907,78.3936,45.320000000000064,66,55,1.0
474,Santa Isabel,BR,2022-09-30 20:15:00,-23.3156,-46.2214,61.898000000000025,89,100,2.3
475,Half Moon Bay,US,2022-09-30 20:15:01,37.4636,-122.4286,92.53399999999999,66,0,2.57
476,Tselina,RU,2022-09-30 20:15:01,46.5338,41.0328,66.2,48,6,1.76
477,Gallup,US,2022-09-30 20:15:01,35.5281,-108.7426,75.03800000000004,23,0,3.6
478,Bambous Virieux,MU,2022-09-30 20:15:02,-20.3428,57.7575,70.05200000000008,78,40,3.09
479,Roma,US,2022-09-30 20:10:07,43.2128,-75.4557,61.08800000000005,55,0,1.54
480,Farah,AF,2022-09-30 20:15:03,32.5,62.5,72.64400000000008,15,0,1.49
481,Saint-Denis,FR,2022-09-30 20:15:03,48.9167,2.3333,59.774000000000015,65,0,7.2
482,Tromso,NO,2022-09-30 20:15:04,69.6496,18.957,38.372000000000035,86,0,1.03
483,Razdolinsk,RU,2022-09-30 20:15:04,58.4211,94.6658,27.680000000000042,86,100,1.23
484,Radford,US,2022-09-30 20:15:04,37.1318,-80.5764,53.06000000000009,92,100,4.63
485,Shitanjing,CN,2022-09-30 20:15:05,39.2342,106.3439,63.59000000000002,57,65,3.39
486,Coquimbo,CL,2022-09-30 20:15:05,-29.9533,-71.3436,56.93000000000004,82,75,4.63
487,Liberal,US,2022-09-30 20:14:32,37.0431,-100.921,90.64400000000008,15,0,9.26
488,Micheweni,TZ,2022-09-30 20:15:06,-4.9667,39.8333,75.50600000000003,77,1,5.12
489,Arkhipo-Osipovka,RU,2022-09-30 20:15:06,44.37,38.52,68.19800000000004,64,0,1.87
490,Palana,RU,2022-09-30 20:15:07,59.1167,159.9667,36.248000000000026,85,84,4.28
491,Ejura,GH,2022-09-30 20:15:07,7.3856,-1.3562,73.86800000000008,92,86,0.78
492,Benguela,AO,2022-09-30 20:14:08,-12.5763,13.4055,75.03800000000004,80,100,2.12
493,Buraydah,SA,2022-09-30 20:15:08,26.326,43.975,79.25,16,0,4.11
494,Florianopolis,BR,2022-09-30 20:15:08,-27.6146,-48.5012,60.62000000000006,88,75,2.57
495,Harper,LR,2022-09-30 20:12:57,4.375,-7.7169,77.12600000000009,84,57,3.75
496,Tuatapere,NZ,2022-09-30 20:15:09,-46.1333,167.6833,38.983999999999995,80,8,1.26
497,Davila,PH,2022-09-30 20:15:10,18.4726,120.5763,80.31200000000007,78,64,1.79
498,Yumen,CN,2022-09-30 20:15:10,40.2833,97.2,52.44800000000002,43,8,5.5
499,Zhigansk,RU,2022-09-30 20:12:12,66.7697,123.3711,26.204000000000054,93,100,0.86
500,Lata,PT,2022-09-30 20:15:11,40.1629,-8.3327,60.81800000000008,80,76,0.98
501,Saint-Philippe,RE,2022-09-30 20:15:11,-21.3585,55.7679,66.21800000000009,84,71,5.25
502,Kizema,RU,2022-09-30 20:15:12,61.113,44.8302,46.77800000000006,96,100,4.14
503,San Matias,BO,2022-09-30 20:15:12,-16.3667,-58.4,90.87800000000007,37,11,2.36
504,Mokhsogollokh,RU,2022-09-30 20:12:15,61.4681,128.9203,18.53600000000007,97,58,1.57
505,Lewiston,US,2022-09-30 20:16:13,44.1003,-70.2148,64.65200000000007,52,0,0.45
506,Mangrol,IN,2022-09-30 20:16:13,21.1167,70.1167,80.07800000000006,72,100,4.47
507,Chara,RU,2022-09-30 20:16:14,56.9064,118.2631,28.598000000000024,92,100,0.42
508,Boguchany,RU,2022-09-30 20:16:15,58.3814,97.4531,28.706000000000028,77,100,1.29
509,Rio Verde De Mato Grosso,BR,2022-09-30 20:16:15,-18.9181,-54.8442,83.53399999999999,53,15,1.86
510,Maryborough,AU,2022-09-30 20:16:15,-25.5333,152.7,60.116000000000014,87,38,1.9
511,Nizwa,OM,2022-09-30 20:16:16,22.9333,57.5333,78.78200000000001,61,0,1.57
512,Nuevo Laredo,MX,2022-09-30 20:16:17,27.4763,-99.5164,91.67000000000007,27,0,1.54
513,Save,BJ,2022-09-30 20:16:17,8.0425,2.486,72.12200000000004,92,100,0.73
514,Dudinka,RU,2022-09-30 20:16:18,69.4058,86.1778,31.622000000000035,86,100,3.14
515,Balassagyarmat,HU,2022-09-30 20:16:18,48.073,19.2961,54.23000000000005,93,98,0.54
516,Chernihiv,UA,2022-09-30 20:16:18,51.0,32.0,59.16200000000006,92,100,1.63
517,Bambanglipuro,ID,2022-09-30 20:16:19,-7.95,110.2833,76.92800000000007,90,100,3.08
518,Tsnori,GE,2022-09-30 20:16:19,41.6209,45.9694,70.10600000000002,53,16,0.19
519,Camocim,BR,2022-09-30 20:16:20,-2.9022,-40.8411,81.98600000000008,71,47,9.17
520,Holme,DK,2022-09-30 20:16:20,56.1138,10.1725,53.16800000000009,86,56,6.3
521,Marsa Matruh,EG,2022-09-30 20:12:33,31.3525,27.2453,80.51000000000008,73,0,4.37
522,Desaguadero,PE,2022-09-30 20:16:21,-16.5656,-69.0417,57.38000000000004,26,33,6.61
523,Canberra,AU,2022-09-30 20:12:51,-35.2835,149.1281,47.516000000000005,89,100,3.09
524,Waipawa,NZ,2022-09-30 20:16:22,-41.4122,175.5153,44.90600000000003,82,100,5.73
525,Manokwari,ID,2022-09-30 20:16:22,-0.8667,134.0833,78.18800000000005,74,96,2.51
526,Kanor,IN,2022-09-30 20:16:23,24.4333,74.2667,73.49000000000002,72,30,1.62
527,Port Hedland,AU,2022-09-30 20:16:23,-20.3167,118.5667,66.25400000000005,88,75,1.54
528,Gwanda,ZW,2022-09-30 20:16:24,-20.9333,29.0,71.07800000000006,31,0,4.4
529,Vryheid,ZA,2022-09-30 20:16:24,-27.7695,30.7917,60.78200000000002,81,3,2.53
530,Tual,ID,2022-09-30 20:16:25,-5.6667,132.75,80.36600000000001,78,72,0.96
531,Srednekolymsk,RU,2022-09-30 20:12:18,67.45,153.6833,28.004000000000055,86,100,5.11
532,Conceicao Do Araguaia,BR,2022-09-30 20:16:25,-8.2578,-49.2647,103.17200000000004,16,17,3.16
533,Soc Trang,VN,2022-09-30 20:16:26,9.6033,105.98,76.17200000000004,92,100,2.12
534,Sisimiut,GL,2022-09-30 20:16:26,66.9395,-53.6735,34.44800000000002,89,100,1.44
535,Akom,CM,2022-09-30 20:16:27,2.6678,12.7109,67.69400000000007,97,79,0.26
536,Aksu,CN,2022-09-30 20:16:27,41.1231,80.2644,66.25400000000005,28,67,3.05
537,Makakilo City,US,2022-09-30 20:16:28,21.3469,-158.0858,84.56000000000009,61,0,5.14
538,Moron,AR,2022-09-30 20:16:28,-34.6534,-58.6198,70.95200000000008,56,5,2.95
539,Kribi,CM,2022-09-30 20:16:29,2.95,9.9167,77.57600000000009,87,99,2.31
540,Soyo,AO,2022-09-30 20:16:29,-6.1349,12.3689,75.74000000000002,87,22,2.96
541,Margate,GB,2022-09-30 20:16:30,51.3813,1.3862,59.70200000000008,95,100,3.58
542,Vitre,FR,2022-09-30 20:16:30,48.1178,-1.2058,58.08200000000002,93,100,8.13
543,Bezenchuk,RU,2022-09-30 20:16:31,52.982,49.4333,55.04000000000002,77,100,2.06
544,Santa Cruz De La Palma,ES,2022-09-30 20:16:31,28.6835,-17.7642,71.74400000000009,73,75,7.2
545,Businga,CD,2022-09-30 20:16:31,3.3333,20.8833,71.51000000000008,96,91,0.44
546,Makat,KZ,2022-09-30 20:16:33,47.6469,53.3463,65.28200000000001,33,100,7.54
547,Yaroslavskiy,RU,2022-09-30 20:16:33,44.1683,132.2072,59.54000000000002,89,100,4.42
548,Douglas,US,2022-09-30 20:15:45,41.3,-96.167,78.94400000000007,36,0,8.75
549,Kirakira,SB,2022-09-30 20:16:34,-10.4544,161.9205,80.25800000000001,83,41,3.0
550,Savannah Bight,HN,2022-09-30 20:16:35,16.45,-85.85,82.16600000000001,73,100,10.25
551,Doha,QA,2022-09-30 20:17:36,25.2867,51.5333,87.78200000000001,58,0,2.57
552,Alice Springs,AU,2022-09-30 20:17:36,-23.7,133.8833,60.22400000000002,39,100,0.0
553,Yokadouma,CM,2022-09-30 20:17:37,3.5167,15.05,68.99000000000002,98,17,0.47
554,Rio Gallegos,AR,2022-09-30 20:17:37,-51.6226,-69.2181,53.65400000000005,26,0,6.69
555,Cap-Aux-Meules,CA,2022-09-30 20:17:38,47.3821,-61.8597,55.45400000000005,67,20,7.2
556,Ryotsu,JP,2022-09-30 20:17:38,38.0833,138.4333,68.30600000000004,80,61,1.28
557,Ushtobe,KZ,2022-09-30 20:17:39,45.2514,77.9838,31.748000000000026,40,3,8.19
558,Krumbach,DE,2022-09-30 20:17:39,48.2418,10.3632,48.61400000000003,94,30,1.61
559,Payakumbuh,ID,2022-09-30 20:17:40,-0.2202,100.6308,70.934,99,100,0.21
560,Ust-Maya,RU,2022-09-30 20:17:40,60.4167,134.5333,22.838000000000044,94,83,1.81
